name, ra, dec, i_ha, g_sb, irdc_flag, darkest_wham_flag
grid001 ,  0.6128809295393534 ,  -34.39606465789569 , 0.19805467 , 24.535823386977988 , False ,  False
grid002 ,  2.0173542945760805 ,  -1.992013667613692 , 0.20430438 , 23.30202392942794 , False ,  False
grid003 ,  2.0616410493379766 ,  -34.65168888274344 , 0.15876262 , 26.419426721404868 , False ,  True
grid004 ,  2.35397660706006 ,  -74.37309739962373 , 0.7597378 , 23.275483173202353 , False ,  False
grid005 ,  3.223923952197792 ,  1.1273851201657448 , 0.22492507 , 26.539983075927573 , False ,  False
grid006 ,  5.513363489697585 ,  -16.328698928027645 , 0.21992186 , 26.622990888427573 , False ,  False
grid007 ,  6.342119239606079 ,  -39.62321447876605 , 0.24003041 , 23.714616817306357 , False ,  False
grid008 ,  6.659257710963646 ,  25.19146830941656 , 0.49448037 , 23.66245202429183 , False ,  False
grid009 ,  7.281015578644021 ,  45.72511292130038 , 1.6137321 , 19.33706097013839 , False ,  False
grid010 ,  7.337020751922163 ,  16.71549309344006 , 0.5359208 , 23.766874593566733 , False ,  False
grid011 ,  7.546108448326952 ,  9.036561726091332 , 0.41712946 , 24.482824128936606 , False ,  False
grid012 ,  8.550133274473783 ,  46.63852738919826 , 2.1156456 , 22.50327519781478 , False ,  False
grid013 ,  9.099405629918449 ,  3.2455050524001896 , 0.19930969 , 23.24489526159652 , False ,  False
grid014 ,  9.202628314100007 ,  36.468622852329304 , 1.5331075 , 24.13117341406234 , False ,  False
grid015 ,  11.279546013307323 ,  26.36054347865938 , 0.7292249 , 24.224037450622397 , False ,  False
grid016 ,  11.711037813278764 ,  44.194067662636115 , 1.7571206 , 23.08531455404647 , False ,  False
grid017 ,  12.060701299217373 ,  -69.5950184000023 , 0.2570017 , 22.890209478210288 , False ,  False
grid018 ,  12.321596323537705 ,  -23.73261151176519 , 0.18346448 , 26.719807905029135 , False ,  False
grid019 ,  12.537706474658028 ,  0.06952028042321463 , 0.17799671 , 27.11516074545272 , False ,  False
grid020 ,  12.85117026691859 ,  -21.147466042421897 , 0.1879927 , 26.606061977218467 , False ,  False
grid021 ,  13.05830974948033 ,  50.14210009098246 , 4.04897 , 22.508328479598838 , False ,  False
grid022 ,  14.420170507644317 ,  31.45277319692432 , 1.0736815 , 23.048512262176352 , False ,  False
grid023 ,  14.718421771385417 ,  6.814292849990545 , 0.28162804 , 23.019127172302085 , False ,  False
grid024 ,  15.236370621540727 ,  -19.762730189567847 , 0.22760315 , 26.151806634734946 , False ,  False
grid025 ,  15.65670695042013 ,  26.314196053530342 , 0.6210554 , 22.9033689916838 , False ,  False
grid026 ,  16.35759769185349 ,  -24.235355780641836 , 0.17858353 , 24.712342542480307 , False ,  False
grid027 ,  16.881220036975094 ,  -16.702047126471072 , 0.29195637 , 25.20646147138961 , False ,  False
grid028 ,  17.2106788889 ,  65.0597272222 , 5.5966444016 , 23.21859411604293 , True ,  False
grid029 ,  17.45028100653343 ,  -36.57074530924404 , 0.18160224 , 25.40998391516097 , False ,  False
grid030 ,  17.467766813030153 ,  37.26625426306708 , 1.5539027 , 23.4658472955931 , False ,  False
grid031 ,  17.738654818718295 ,  -2.060447192728373 , 0.1128631 , 22.920942825149375 , False ,  False
grid032 ,  20.647139842496436 ,  1.6501665514977946 , 0.21657819 , 24.115071815322715 , False ,  False
grid033 ,  20.751635084620382 ,  20.674840491837198 , 0.1897172 , 22.989538234542685 , False ,  False
grid034 ,  20.804529758761273 ,  -70.20969755076756 , 0.504317 , 22.987816852401572 , False ,  False
grid035 ,  22.597205059077545 ,  -46.94573950470909 , 0.15217322 , 28.289051574539023 , False ,  False
grid036 ,  22.969542808974747 ,  -49.620792997226935 , 0.17129178 , 25.95149330503829 , False ,  False
grid037 ,  23.383374518454133 ,  -3.6952272283838883 , 0.21456671 , 23.10422472364791 , False ,  False
grid038 ,  24.296119528674534 ,  -58.40129924685201 , 0.3000345 , 25.31881145841964 , False ,  False
grid039 ,  25.8426772431041 ,  32.752841824548355 , 1.0442535 , 23.14718775160201 , False ,  False
grid040 ,  26.96007054465263 ,  -20.525692927748928 , 0.14500801 , 24.84389118559249 , False ,  False
grid041 ,  27.515620458645138 ,  -13.170410355731768 , 0.16589233 , 26.602620405029135 , False ,  False
grid042 ,  27.624454561197872 ,  -6.853704419631385 , 0.22716142 , 23.716902059387046 , False ,  False
grid043 ,  28.0931347222 ,  66.5571425 , 3.2506203651 , 24.75691847212203 , True ,  False
grid044 ,  28.36293533281895 ,  8.944986954741282 , 0.23779309 , 26.303117793868857 , False ,  False
grid045 ,  28.83069237944139 ,  -25.088025155166054 , 0.4720531 , 26.9677000463713 , False ,  False
grid046 ,  29.01540102104265 ,  40.869091486037526 , 2.011262 , 23.198164027999717 , False ,  False
grid047 ,  30.485291890065376 ,  23.601010868525794 , 0.836163 , 25.510110181640464 , False ,  False
grid048 ,  30.76158835493678 ,  18.061787325601657 , 0.31720147 , 25.09444288618453 , False ,  False
grid049 ,  30.769220593370022 ,  -80.10464303048428 , 1.182183 , 23.868157190154868 , False ,  False
grid050 ,  31.931834585687305 ,  8.26597147190073 , 0.45559394 , 26.651427072357016 , False ,  False
grid051 ,  32.86131691004281 ,  26.418280757643195 , 0.9825563 , 23.901175779174643 , False ,  False
grid052 ,  34.230840890170285 ,  -73.31242665387835 , 0.5053297 , 23.546330255340415 , False ,  False
grid053 ,  34.61097939736113 ,  -4.644018717468404 , 0.39884198 , 25.477570813964682 , False ,  False
grid054 ,  35.93917378557397 ,  -37.734758864942265 , 0.28816578 , 23.842838329147177 , False ,  False
grid055 ,  36.8756316667 ,  61.677275 , 109.1434631348 , 22.314820808242636 , True ,  False
grid056 ,  37.43966376424394 ,  38.59779259190839 , 2.3278282 , 23.80330018408187 , False ,  False
grid057 ,  38.301049699630624 ,  -41.91800816177965 , 0.18254477 , 24.900765937637168 , False ,  False
grid058 ,  38.48606006706736 ,  -56.80785678441832 , 0.3397344 , 23.651071113418418 , False ,  False
grid059 ,  39.32815785032323 ,  35.11326735255993 , 1.6402248 , 23.88123444921859 , False ,  False
grid060 ,  39.47464578817944 ,  30.33355744530618 , 1.2666715 , 22.662770074676352 , False ,  False
grid061 ,  39.484613170992006 ,  -25.928778773649185 , 0.56613034 , 26.548917812179404 , False ,  False
grid062 ,  39.66596972609117 ,  -20.053800121054 , 0.42443168 , 25.965893787216025 , False ,  False
grid063 ,  40.180512419806256 ,  6.116313843585658 , 0.5315684 , 24.575359147857505 , False ,  False
grid064 ,  41.51290661444208 ,  52.21156167351225 , 1.8268205 , 21.970655244659262 , False ,  False
grid065 ,  42.7428330556 ,  69.956915 , 2.8804364204 , 24.872364324401694 , True ,  False
grid066 ,  42.88635367319624 ,  -12.953939432794568 , 0.44696018 , 24.19690541632064 , False ,  False
grid067 ,  42.91543131845095 ,  -4.470550224548726 , 0.6715984 , 25.128050369094687 , False ,  False
grid068 ,  43.108964788375296 ,  -51.15048378314453 , 0.4105809 , 26.46087936766036 , False ,  False
grid069 ,  43.37847874305183 ,  4.614067823089308 , 0.74603677 , 24.843768400024253 , False ,  False
grid070 ,  44.85676619933786 ,  -41.16318286094207 , 0.6610029 , 23.921314996551352 , False ,  False
grid071 ,  46.90668185748232 ,  -11.257040674233782 , 0.9437544 , 24.970404428314048 , False ,  False
grid072 ,  47.2728628553068 ,  -19.80880440135876 , 0.80625236 , 25.792010349105674 , False ,  False
grid073 ,  47.322746446140165 ,  80.89966259997443 , 1.125452 , 22.63691596395858 , False ,  False
grid074 ,  49.265345393298325 ,  17.493950181562443 , 0.6671316 , 23.925549310516196 , False ,  False
grid075 ,  51.2798745437388 ,  7.706471883101826 , 1.7238522 , 23.7389402807463 , False ,  False
grid076 ,  51.781825 ,  58.6838619444 , 11.9767351151 , 24.899789613555747 , True ,  False
grid077 ,  52.689664049327284 ,  -7.572331649444357 , 1.837737 , 24.85018305189498 , False ,  False
grid078 ,  52.98700837294513 ,  -6.463881090881538 , 2.334762 , 23.32729272253402 , False ,  False
grid079 ,  53.3907052778 ,  31.3341963889 , 4.6016640663 , 29.803424400161582 , True ,  False
grid080 ,  53.74244748169143 ,  18.319616660405377 , 0.8325727 , 22.56709150679 , False ,  False
grid081 ,  54.0639269444 ,  31.1777736111 , 5.3818502426 , 30.533674281905967 , True ,  False
grid082 ,  54.5824127778 ,  55.8839427778 , 3.8519165516 , 23.886983913253623 , True ,  False
grid083 ,  54.687067533886804 ,  -56.24241712032926 , 0.7047956 , 23.03818754560836 , False ,  False
grid084 ,  54.8563097222 ,  62.5608916667 , 6.9027051926 , 23.788128417800742 , True ,  False
grid085 ,  55.40612652531247 ,  -71.39208159741435 , 0.8364117 , 23.277829212020713 , False ,  False
grid086 ,  56.404880317178254 ,  -24.53331518696583 , 1.0298378 , 20.178505700897055 , False ,  False
grid087 ,  58.00503515344375 ,  11.821806809950436 , 4.0675254 , 24.395121854614096 , False ,  False
grid088 ,  58.93990142055102 ,  -38.678536321234105 , 0.7142724 , 24.69639830000289 , False ,  False
grid089 ,  59.79060137298804 ,  -26.54863301747314 , 1.4706018 , 24.50837067968734 , False ,  False
grid090 ,  59.99962734590524 ,  -34.6910046600722 , 0.82930416 , 27.395932000945884 , False ,  False
grid091 ,  60.3867130556 ,  41.0869805556 , 7.3368315697 , 24.559377950500327 , True ,  False
grid092 ,  60.99467703370611 ,  -34.30292492772122 , 0.92253745 , 27.016051334213095 , False ,  False
grid093 ,  62.099607822485666 ,  -35.25582330053848 , 0.93275356 , 25.101471465896445 , False ,  False
grid094 ,  64.8415105556 ,  27.2343797222 , 4.4116711617 , 40.0 , True ,  False
grid095 ,  64.8998736111 ,  38.3758694444 , 5.7598228455 , 26.295323890518027 , True ,  False
grid096 ,  65.49022134358682 ,  -2.3499919560672584 , 3.2374892 , 25.177228969405967 , False ,  False
grid097 ,  66.2740972222 ,  54.9448269444 , 12.7703781128 , 26.72862462408431 , True ,  False
grid098 ,  66.99929037777139 ,  -54.160460735418965 , 0.7394413 , 22.940546792816 , False ,  False
grid099 ,  67.0224161111 ,  18.9501577778 , 6.5422315598 , 27.25492052442916 , True ,  False
grid100 ,  67.8483630556 ,  18.1554738889 , 6.5422315598 , 25.50336532003768 , True ,  False
grid101 ,  68.0224163889 ,  46.6467669444 , 3.0738945007 , 25.909219306777793 , True ,  False
grid102 ,  68.7656802778 ,  -14.2470697222 , 5.1906809807 , 23.795544427703696 , True ,  False
grid103 ,  68.81026091096548 ,  -4.639861867130286 , 3.0983267 , 24.32151011831649 , False ,  False
grid104 ,  69.8115861111 ,  25.8757194444 , 2.4797866344 , 40.0 , True ,  False
grid105 ,  70.15549820268113 ,  -28.86025953544314 , 2.0114193 , 23.057470840286094 , False ,  False
grid106 ,  70.15584636285931 ,  -58.03114686697126 , 0.8297787 , 24.392366927932578 , False ,  False
grid107 ,  71.10067116993265 ,  -47.39945146835431 , 0.8522476 , 22.15323023207076 , False ,  False
grid108 ,  71.76178430452562 ,  0.40383561164760773 , 3.8000255 , 23.392123502563315 , False ,  False
grid109 ,  72.35665197887425 ,  -56.326116464647065 , 0.6444697 , 23.109894317458945 , False ,  False
grid110 ,  73.71535978659898 ,  -35.83192481026831 , 1.1735226 , 24.681348127197104 , False ,  False
grid111 ,  74.80502276019 ,  -31.364857168103317 , 2.0576718 , 23.80327395803817 , False ,  False
grid112 ,  75.50799935642225 ,  -21.176178828379847 , 3.651555 , 24.38024453527816 , False ,  False
grid113 ,  76.5761705556 ,  31.7133072222 , 3.9513366222 , 27.80911139852889 , True ,  False
grid114 ,  76.6925958333 ,  -3.3430213889 , 19.7092838287 , 20.368998569320517 , True ,  False
grid115 ,  78.06764542426345 ,  -42.30825944168004 , 1.1007766 , 24.44503478414901 , False ,  False
grid116 ,  78.67517647720332 ,  -48.175581006145094 , 1.1695747 , 25.131795924972373 , False ,  False
grid117 ,  79.6114822222 ,  7.2126983333 , 28.4858036041 , 25.945057195495444 , True ,  False
grid118 ,  81.22253332732721 ,  -60.425655700560895 , 0.85147744 , 23.372873586486655 , False ,  False
grid119 ,  82.40737239360755 ,  -32.73661616065379 , 2.2552893 , 22.672672790359336 , False ,  False
grid120 ,  82.88945064466257 ,  -28.02296505763972 , 3.6692095 , 24.022553485702353 , False ,  False
grid121 ,  83.035375 ,  12.7914519444 , 84.0121841431 , 27.96493224508651 , True ,  False
grid122 ,  85.03663792224178 ,  -42.30446385858752 , 2.634725 , 23.47247413999923 , False ,  False
grid123 ,  85.1799702778 ,  35.91336 , 13.5627002716 , 22.33883551962264 , True ,  False
grid124 ,  85.2567536111 ,  -8.7217861111 , 118.8741226196 , 29.9806075514067 , True ,  False
grid125 ,  85.8003280556 ,  -1.2741197222 , 56.7601661682 , 30.4228465975035 , True ,  False
grid126 ,  86.7492449260334 ,  -27.531006949655733 , 4.263262 , 22.7219086111296 , False ,  False
grid127 ,  87.38459036004868 ,  -53.94896189705542 , 1.7350551 , 24.775138419936972 , False ,  False
grid128 ,  88.22228989990796 ,  -64.72340987996952 , 1.3745807 , 21.43445186025985 , False ,  False
grid129 ,  88.46166472473695 ,  53.49149550193097 , 0.96707857 , 21.5810554445494 , False ,  False
grid130 ,  88.6539188889 ,  1.8058583333 , 61.0726203918 , 28.997115415405112 , True ,  False
grid131 ,  88.66318920273562 ,  -75.83031846815038 , 1.5549124 , 22.27210096723922 , False ,  False
grid132 ,  90.13952418547599 ,  -69.9651632670221 , 0.9632239 , 22.645412010024863 , False ,  False
grid133 ,  90.51327308376855 ,  -37.82675010847252 , 2.9110534 , 22.553808015655356 , False ,  False
grid134 ,  90.6162905556 ,  -9.7231555556 , 19.930437088 , 24.63824800856002 , True ,  False
grid135 ,  91.2117125 ,  30.4444263889 , 7.0351772308 , 22.941982072662192 , True ,  False
grid136 ,  92.0386630556 ,  18.5110161111 , 7.1233177185 , 25.062265914748984 , True ,  False
grid137 ,  93.82790273155169 ,  63.91342183137511 , 1.3297986 , 23.022853654693442 , False ,  False
grid138 ,  94.23319047377566 ,  56.42052382549963 , 0.72195065 , 22.86815695173629 , False ,  False
grid139 ,  94.29509929887116 ,  -38.905577164728776 , 2.9869325 , 23.286060613464194 , False ,  False
grid140 ,  94.5975591129069 ,  85.05061311113155 , 0.81522936 , 24.07619647390731 , False ,  False
grid141 ,  96.8341141667 ,  -10.1748066667 , 20.1394119263 , 24.53160576231368 , True ,  False
grid142 ,  97.5810386111 ,  -9.6310855556 , 21.8742237091 , 24.178625863860923 , True ,  False
grid143 ,  97.70082789088393 ,  -33.80235324260103 , 3.984287 , 22.600768131088095 , False ,  False
grid144 ,  97.83368095483762 ,  -36.5526227686018 , 3.1264412 , 22.61999062902816 , False ,  False
grid145 ,  98.62007132500732 ,  -56.490283669685205 , 2.2571795 , 21.396981996368247 , False ,  False
grid146 ,  100.1788002778 ,  8.9670658333 , 125.1735153198 , 25.27255467779525 , True ,  False
grid147 ,  100.2077908562505 ,  54.65375047440711 , 0.6986874 , 23.083709997009116 , False ,  False
grid148 ,  101.16191287805898 ,  40.77156877843897 , 0.6443106 , 21.844401878188926 , False ,  False
grid149 ,  101.3889814105066 ,  -67.50490765394066 , 1.9149276 , 21.62806801206954 , False ,  False
grid150 ,  101.4771225852202 ,  -49.77619354536092 , 14.792304 , 21.73485092527755 , False ,  False
grid151 ,  103.60042506116903 ,  -16.460027233775566 , 4.9473357 , 21.219548505615073 , False ,  False
grid152 ,  104.28066044600176 ,  73.39344079587276 , 1.2716297 , 24.30300526029952 , False ,  False
grid153 ,  104.85707060611732 ,  38.14326985419131 , 0.95627236 , 23.012147468398886 , False ,  False
grid154 ,  105.64819382999228 ,  -36.27224986307394 , 12.868599 , 22.08746961958297 , False ,  False
grid155 ,  107.5672816667 ,  -10.54477 , 74.8994750977 , 24.01510767347701 , True ,  False
grid156 ,  108.14889756477974 ,  50.22795360532692 , 0.1544488 , 23.594141525100547 , False ,  False
grid157 ,  110.67759665172052 ,  47.113000084750304 , 0.3719393 , 23.42160515196212 , False ,  False
grid158 ,  111.0479536111 ,  -25.8263586111 , 118.526473999 , 22.458274883102256 , True ,  False
grid159 ,  111.57509920204569 ,  17.185470461997024 , 2.866906 , 19.752280634712058 , False ,  False
grid160 ,  112.37787812172714 ,  28.70540624868943 , 2.1020496 , 23.015292209457236 , False ,  False
grid161 ,  113.62785667761118 ,  -2.3226195569739785 , 1.780499 , 19.637232941459494 , False ,  False
grid162 ,  114.51308265136745 ,  -71.55930661920823 , 2.2795577 , 21.8787472666014 , False ,  False
grid163 ,  114.73367748505657 ,  57.34723824065986 , 0.16275269 , 22.88528613455184 , False ,  False
grid164 ,  115.00624057729186 ,  -25.76536236028912 , 14.361285 , 20.405692380737143 , False ,  False
grid165 ,  115.27444055768267 ,  -63.12459850162471 , 4.964593 , 22.358562272857505 , False ,  False
grid166 ,  115.77009269883428 ,  -70.24157095213376 , 3.3793917 , 23.837672990630942 , False ,  False
grid167 ,  115.89269174180723 ,  10.14092941105893 , 2.0639179 , 23.201674741576987 , False ,  False
grid168 ,  116.26470074811068 ,  7.431514691265034 , 1.4538541 , 20.462128442596274 , False ,  False
grid169 ,  116.51729009852687 ,  28.627222184067914 , 1.7310615 , 22.84275583631881 , False ,  False
grid170 ,  117.11512693868657 ,  3.844712870861473 , 1.0561026 , 21.943504136871177 , False ,  False
grid171 ,  118.23452087044306 ,  9.229427246067072 , 1.076008 , 23.356558603118735 , False ,  False
grid172 ,  118.23730722335482 ,  -24.058464074808533 , 14.421481 , 20.630922836135703 , False ,  False
grid173 ,  120.163981999628 ,  44.44964169562191 , 0.74663264 , 22.771086019347983 , False ,  False
grid174 ,  120.35748768902474 ,  3.1067588702943056 , 0.9519953 , 21.631094735931235 , False ,  False
grid175 ,  120.9548159384995 ,  -11.863069008549404 , 2.2401137 , 21.79143003828414 , False ,  False
grid176 ,  120.99647151518792 ,  71.15663809737784 , 0.545311 , 24.432601255248862 , False ,  False
grid177 ,  122.32011028812708 ,  29.518821708269062 , 1.3714855 , 23.92090968496688 , False ,  False
grid178 ,  122.36252303752194 ,  12.60281617961225 , 1.3904396 , 23.47582272894271 , False ,  False
grid179 ,  123.07414764751039 ,  62.794956865446 , 0.4694966 , 22.988635820220786 , False ,  False
grid180 ,  123.33912804551153 ,  2.916135211538514 , 1.0090129 , 23.239037317107993 , False ,  False
grid181 ,  124.9367932420498 ,  -60.80721714746486 , 5.985593 , 22.298135083984214 , False ,  False
grid182 ,  125.2963630556 ,  -49.8651830556 , 146.5454864502 , 23.70231084234603 , True ,  False
grid183 ,  125.64011407772405 ,  -7.992206567748066 , 1.0704789 , 22.815282863448935 , False ,  False
grid184 ,  126.1884961111 ,  -42.1002358333 , 40.9647598267 , 22.337576669524985 , True ,  False
grid185 ,  126.90880588710675 ,  -13.170437743196933 , 2.0487106 , 21.028420251678305 , False ,  False
grid186 ,  127.18185862804866 ,  2.9429116969027747 , 0.8813498 , 24.319133085082846 , False ,  False
grid187 ,  127.29845139096503 ,  57.121686704038474 , 0.3444475 , 25.84443024999984 , False ,  False
grid188 ,  128.0743786410558 ,  4.86839199960444 , 0.9011577 , 23.58564905531295 , False ,  False
grid189 ,  129.54109296826837 ,  32.76754168009587 , 0.7663579 , 24.571166557144004 , False ,  False
grid190 ,  131.0236665252745 ,  30.923380038237337 , 1.054769 , 22.55075268156417 , False ,  False
grid191 ,  132.13962559641786 ,  -5.509662242251782 , 0.78247845 , 23.245429319213706 , False ,  False
grid192 ,  133.30506872584164 ,  45.053039989420185 , 0.1568365 , 23.629019779037314 , False ,  False
grid193 ,  133.62117068901603 ,  22.418874934609363 , 1.1666995 , 24.354680103133994 , False ,  False
grid194 ,  134.8833661111 ,  -43.5717633333 , 30.1130867004 , 26.182483953307944 , True ,  False
grid195 ,  134.89856222156834 ,  37.876100587219355 , 0.6028757 , 23.906174224685508 , False ,  False
grid196 ,  134.99854671867783 ,  -8.269111032834546 , 1.015061 , 23.92872743017562 , False ,  False
grid197 ,  136.66963204463133 ,  -63.882721654859736 , 7.6552606 , 21.01373843557723 , False ,  False
grid198 ,  136.84528071168816 ,  -23.18088190128168 , 8.134139 , 22.4972455919493 , False ,  False
grid199 ,  137.8097546134299 ,  71.41234040141613 , 0.47054413 , 24.762142223190146 , False ,  False
grid200 ,  137.8135583333 ,  -48.6087130556 , 42.202003479 , 28.400700610946494 , True ,  False
grid201 ,  137.94900853411187 ,  -17.76764437552467 , 1.7190968 , 23.047285598586875 , False ,  False
grid202 ,  139.09570144632661 ,  26.684490927246227 , 0.6035281 , 22.753607553314048 , False ,  False
grid203 ,  139.13419570090974 ,  42.474868050723856 , 0.31879362 , 24.195269864868003 , False ,  False
grid204 ,  140.1194771590287 ,  26.465243177928762 , 0.46552444 , 23.197413009475547 , False ,  False
grid205 ,  143.00239380220083 ,  15.515732664915387 , 0.8891936 , 23.97069029219039 , False ,  False
grid206 ,  143.10149134464262 ,  -10.448085273103874 , 0.8325867 , 23.177820962737876 , False ,  False
grid207 ,  144.6106102778 ,  -45.93272 , 25.25182724 , 22.48308352835067 , True ,  False
grid208 ,  144.66774267801586 ,  11.947408559510945 , 0.9231111 , 24.5834272325743 , False ,  False
grid209 ,  145.03637641865757 ,  31.365267682659557 , 0.42498997 , 24.128282588790732 , False ,  False
grid210 ,  146.3241985304522 ,  -25.011299113013795 , 9.6209 , 23.218011182617026 , False ,  False
grid211 ,  147.68412083040207 ,  -11.781791717839619 , 0.89461935 , 22.507610839675742 , False ,  False
grid212 ,  147.76149338066293 ,  36.120198372020994 , 0.31870365 , 27.28852204687484 , False ,  False
grid213 ,  147.94484079533285 ,  13.118810006369596 , 0.5627639 , 23.597885888885337 , False ,  False
grid214 ,  148.81846484806127 ,  34.61541981092229 , 0.38045052 , 24.75537948019393 , False ,  False
grid215 ,  149.47570290580924 ,  2.1978925850635975 , 0.6215401 , 25.04831365949996 , False ,  False
grid216 ,  149.50008605622048 ,  -7.410497574126068 , 0.8129689 , 23.778399747680503 , False ,  False
grid217 ,  150.6298462308517 ,  -39.35910378591147 , 8.24918 , 21.91334418661483 , False ,  False
grid218 ,  152.326317194133 ,  18.3419273714408 , 0.46963656 , 27.320256751846152 , False ,  False
grid219 ,  153.6621978832276 ,  -24.108893658900016 , 3.6789186 , 22.435356897186118 , False ,  False
grid220 ,  154.37219337456327 ,  -3.9215647338901785 , 0.612862 , 25.1601033628691 , False ,  False
grid221 ,  155.0650789747498 ,  24.54281685835938 , 0.14464563 , 24.95968274481185 , False ,  False
grid222 ,  155.68165641535992 ,  61.70269400813111 , 0.16037878 , 27.02256731397994 , False ,  False
grid223 ,  156.9415349398709 ,  58.27661014697106 , 0.10979885 , 27.05782465345748 , False ,  False
grid224 ,  157.16074296172076 ,  -22.314640802556198 , 1.2333668 , 22.76146940595992 , False ,  False
grid225 ,  157.46492241371635 ,  -45.94702098605412 , 7.539783 , 20.876089853118735 , False ,  False
grid226 ,  158.7007824402501 ,  50.37994371917019 , 0.13466507 , 25.233145278762656 , False ,  False
grid227 ,  158.96956134383498 ,  -16.142606047853903 , 0.38732216 , 24.57112244970687 , False ,  False
grid228 ,  159.1952332746059 ,  -34.794675401550165 , 2.807778 , 23.11913303739913 , False ,  False
grid229 ,  160.02214011108623 ,  -22.11966506094474 , 1.1276923 , 22.891194146941977 , False ,  False
grid230 ,  160.8526214716493 ,  51.02996350669822 , 0.12037175 , 24.067286771606284 , False ,  False
grid231 ,  161.19229635088715 ,  39.03345115700659 , 0.28612712 , 23.57498578436263 , False ,  False
grid232 ,  161.53688089923745 ,  39.97748667897622 , 0.22363502 , 24.511445087264853 , False ,  False
grid233 ,  162.9276690732313 ,  -3.9967018431857944 , 0.6039698 , 24.324045699905234 , False ,  False
grid234 ,  164.92176509489565 ,  -16.018958836639722 , 0.24675184 , 25.24966053373702 , False ,  False
grid235 ,  164.9292580611652 ,  -20.005397890963145 , 0.6684134 , 23.40745500929244 , False ,  False
grid236 ,  165.61186621154738 ,  10.452855663815052 , 0.29921868 , 26.4999847830046 , False ,  False
grid237 ,  165.7889963889 ,  -77.8327780556 , 5.6556668282 , 40.0 , True ,  False
grid238 ,  166.40837104966647 ,  -28.499090537348508 , 1.2260065 , 23.735693019698935 , False ,  False
grid239 ,  166.43303667539115 ,  44.15643021954801 , 0.22170712 , 24.86334852583297 , False ,  False
grid240 ,  167.19265708999438 ,  11.216757314495409 , 0.09849673 , 23.817267936538535 , False ,  False
grid241 ,  167.59634048209253 ,  -1.262873213987276 , 0.38061604 , 25.0663750589598 , False ,  False
grid242 ,  167.6959069444 ,  -64.5569047222 , 52.2777442932 , 23.051916879485923 , True ,  False
grid243 ,  167.73281427286483 ,  -43.03172634575076 , 5.0232816 , 21.72898582823165 , False ,  False
grid244 ,  167.7350012133051 ,  72.71406562252912 , 0.33752674 , 24.321827215026694 , False ,  False
grid245 ,  167.80599547153943 ,  10.442799424334014 , 0.23111445 , 25.326890271972495 , False ,  False
grid246 ,  168.259314513818 ,  17.50276782604007 , 0.1781804 , 23.87678675062545 , False ,  False
grid247 ,  169.461688722382 ,  11.120353161693448 , 0.25825128 , 23.070896190475302 , False ,  False
grid248 ,  169.52302424735717 ,  17.051257202250543 , 0.16809277 , 25.35550407774337 , False ,  False
grid249 ,  171.33971473852816 ,  -39.54539415466837 , 3.3103528 , 23.094856065582114 , False ,  False
grid250 ,  171.83810157727322 ,  -10.130890523304359 , 0.2433635 , 24.192519706558066 , False ,  False
grid251 ,  172.1536051278733 ,  -1.4330624906873202 , 0.18546027 , 23.82980040914901 , False ,  False
grid252 ,  173.18745562900475 ,  17.771013202936633 , 0.15348256 , 23.97126368887313 , False ,  True
grid253 ,  173.79073539041045 ,  69.90019690288943 , 0.14036302 , 24.73533086187728 , False ,  False
grid254 ,  175.00971613612268 ,  36.66224388159175 , 0.2770993 , 25.96092991239913 , False ,  False
grid255 ,  175.0623095548391 ,  -16.280091579452204 , 0.34165376 , 21.281897348235923 , False ,  False
grid256 ,  175.37931922505453 ,  -49.42260367721136 , 9.25395 , 21.618025821517783 , False ,  False
grid257 ,  175.57388184925603 ,  55.01257869111101 , 0.1376126 , 27.60277799970992 , False ,  False
grid258 ,  175.828504605383 ,  81.94673549178218 , 0.6195934 , 22.801636976074057 , False ,  False
grid259 ,  175.90224318391125 ,  -6.458113198674445 , 0.16021182 , 23.539351743530112 , False ,  False
grid260 ,  177.60266262035543 ,  -18.96949852403743 , 0.45062053 , 24.19780783064254 , False ,  False
grid261 ,  178.67950702062984 ,  40.62138130198924 , 0.23402564 , 24.584267658065635 , False ,  False
grid262 ,  179.3700735868678 ,  -36.14793205912084 , 2.8024611 , 23.397833627532798 , False ,  False
grid263 ,  179.62842975944298 ,  -25.704638327370823 , 1.0006465 , 23.63543800718673 , False ,  False
grid264 ,  180.4612611111 ,  -65.1549302778 , 33.5602111816 , 23.808566850494223 , True ,  False
grid265 ,  180.48351894368577 ,  -7.378585775187674 , 0.12421554 , 25.04584364302047 , False ,  False
grid266 ,  181.5652429921992 ,  40.314036873262744 , 0.3023853 , 25.675950568984824 , False ,  False
grid267 ,  183.3848217563974 ,  -19.538800936344 , 0.45753363 , 24.4295661867369 , False ,  False
grid268 ,  183.56565961456914 ,  53.44132550553855 , 0.21422555 , 23.284065049957114 , False ,  False
grid269 ,  184.402492209758 ,  -30.910561714430166 , 1.2431546 , 23.453362506698447 , False ,  False
grid270 ,  184.73911959924862 ,  11.86673466723909 , 0.1395925 , 23.877344650100547 , False ,  False
grid271 ,  185.08652081730776 ,  23.994359538574553 , 0.11437329 , 23.316078704665976 , False ,  True
grid272 ,  185.38305117250766 ,  4.415931179057459 , 0.11028472 , 25.94467334158309 , False ,  True
grid273 ,  186.30672987611942 ,  -43.09519531724224 , 3.4979866 , 22.9850225866545 , False ,  False
grid274 ,  186.33555504547695 ,  3.277487942285416 , 0.17231093 , 23.455169719528037 , False ,  False
grid275 ,  186.3490822222 ,  -71.7005802778 , 14.0888662338 , 25.88890842802413 , True ,  False
grid276 ,  186.47078160755228 ,  -46.50925219873253 , 4.756284 , 19.233562868903952 , False ,  False
grid277 ,  186.83451733313757 ,  62.585943630945515 , 0.117255494 , 25.344027799438315 , False ,  False
grid278 ,  187.06228793146153 ,  60.89117829586514 , 0.08964974 , 25.923939269851523 , False ,  False
grid279 ,  187.64384994208817 ,  -43.19008505248572 , 2.4902434 , 21.02674178488143 , False ,  False
grid280 ,  187.8865355556 ,  -63.7368013889 , 51.0301132202 , 25.839548629592734 , True ,  False
grid281 ,  188.37003102625718 ,  -16.82672429965027 , 0.34828854 , 25.73255233175643 , False ,  False
grid282 ,  188.99791740532444 ,  -11.774850603492114 , 0.52403504 , 25.24179748899825 , False ,  False
grid283 ,  189.1834023221424 ,  -39.01825417635049 , 1.804341 , 22.05161265737899 , False ,  False
grid284 ,  189.60338373909596 ,  7.810705067173488 , 0.1210296 , 25.647523921798545 , False ,  True
grid285 ,  190.72053962796159 ,  75.52819177708955 , 0.28152478 , 24.021822732757407 , False ,  False
grid286 ,  190.93197907706232 ,  -18.70445802359765 , 0.58015484 , 25.3938680113066 , False ,  False
grid287 ,  191.5452574638055 ,  61.94806439741913 , 0.15534836 , 24.913292449783164 , False ,  False
grid288 ,  193.0100000936988 ,  16.909458197277438 , 0.21487737 , 25.137196105789023 , False ,  False
grid289 ,  193.51206391464743 ,  -28.919485278255166 , 0.97089845 , 23.14494542486556 , False ,  False
grid290 ,  193.54939919587267 ,  -31.46888154852335 , 1.0404423 , 24.416826289962607 , False ,  False
grid291 ,  193.7000761111 ,  -78.9206513889 , 6.3790693283 , 25.517004054855185 , True ,  False
grid292 ,  193.76226451265674 ,  -20.424198957778284 , 0.5936206 , 24.06406931288131 , False ,  False
grid293 ,  194.4005158333 ,  -61.5296211111 , 34.0719070435 , 23.88924054510482 , True ,  False
grid294 ,  195.0999437118661 ,  13.668390522671823 , 0.2067103 , 26.926368993591147 , False ,  False
grid295 ,  197.88163750070817 ,  -46.597268974937215 , 3.258747 , 18.854840916465598 , False ,  False
grid296 ,  198.1010016030231 ,  32.22338395779878 , 0.09939789 , 24.16327528364547 , False ,  False
grid297 ,  200.39834572797844 ,  69.36979214485099 , 0.13644335 , 22.74367384321578 , False ,  False
grid298 ,  200.53690760357696 ,  2.710021855010406 , 0.28684282 , 24.777839702438193 , False ,  False
grid299 ,  202.48606760733614 ,  -26.42631940414565 , 0.7182734 , 23.20900849707015 , False ,  False
grid300 ,  202.97428759957222 ,  -35.84428465849787 , 1.8086582 , 21.870922368835288 , False ,  False
grid301 ,  205.30756355380996 ,  28.191391704452414 , 0.17371826 , 23.68974260694869 , False ,  False
grid302 ,  205.7434862642439 ,  41.52964661079077 , 0.15182097 , 25.42679004080184 , False ,  False
grid303 ,  206.08314829401243 ,  0.23578067668111316 , 0.63958144 , 26.71182207472213 , False ,  False
grid304 ,  207.46780224832116 ,  -17.391375786770098 , 0.71116227 , 22.646170181106406 , False ,  False
grid305 ,  207.6941100635189 ,  5.891581757284014 , 0.17871934 , 23.243974965881186 , False ,  False
grid306 ,  208.73900084379977 ,  40.47823571631978 , 0.14849222 , 23.1152134359587 , False ,  False
grid307 ,  208.80264420276382 ,  -24.12152664301412 , 0.24876173 , 23.18233422644027 , False ,  False
grid308 ,  209.63891886048847 ,  -30.116256257121023 , 1.1035401 , 22.644025605987387 , False ,  False
grid309 ,  209.90310209449882 ,  -39.78714784300315 , 2.2336001 , 22.619259876083213 , False ,  False
grid310 ,  210.342406945788 ,  17.642388498067035 , 0.22056407 , 26.425587457488852 , False ,  False
grid311 ,  212.18713798153283 ,  -12.860285502180464 , 0.48240432 , 23.49985412962325 , False ,  False
grid312 ,  213.1845998034525 ,  45.77558966135384 , 0.23764254 , 24.121815484832602 , False ,  False
grid313 ,  213.83587990060195 ,  2.924125378569941 , 0.28789744 , 25.0895147741545 , False ,  False
grid314 ,  215.7312928693176 ,  43.461577780363285 , 0.22848563 , 24.120299142669516 , False ,  False
grid315 ,  215.87166204427044 ,  -13.907072891721452 , 0.4960719 , 23.596424382995444 , False ,  False
grid316 ,  216.29848123354503 ,  -26.03057202339484 , 0.46196905 , 22.843140882324057 , False ,  False
grid317 ,  216.3330128909766 ,  -33.43478062670054 , 2.0153532 , 22.747968953918296 , False ,  False
grid318 ,  216.5146809006483 ,  -26.877254396046304 , 0.8577535 , 24.16564754850753 , False ,  False
grid319 ,  218.83045348354517 ,  28.801750618008224 , 0.10915466 , 24.846314710449057 , False ,  True
grid320 ,  219.25386943507172 ,  -42.6129738357845 , 3.3778954 , 21.09100393659957 , False ,  False
grid321 ,  221.00126626920877 ,  -1.0538690186386053 , 0.42561442 , 23.33697251684554 , False ,  False
grid322 ,  221.5640087706744 ,  -21.558142375468037 , 0.4990346 , 23.922553581069785 , False ,  False
grid323 ,  222.0309590782745 ,  24.410204232305187 , 0.1786001 , 25.09085826284774 , False ,  False
grid324 ,  222.7858750009517 ,  -36.5410267324386 , 2.657297 , 22.546896261047202 , False ,  False
grid325 ,  222.99729233002668 ,  14.840025877572314 , 0.27867275 , 25.016433519195395 , False ,  False
grid326 ,  223.22405224006914 ,  -13.400938675200255 , 0.68547827 , 22.503575605224448 , False ,  False
grid327 ,  223.45566865000077 ,  74.75965381409172 , 0.33391288 , 23.335166496108847 , False ,  False
grid328 ,  223.4702722689894 ,  15.704079253067729 , 0.24510558 , 24.6828084409941 , False ,  False
grid329 ,  223.54918314383607 ,  2.6398446116969287 , 0.47574985 , 23.586199802230674 , False ,  False
grid330 ,  223.80208497537114 ,  -17.171226309038126 , 1.233835 , 24.59535889036544 , False ,  False
grid331 ,  224.83873295381346 ,  61.97753636757245 , 0.1801206 , 25.218642276595908 , False ,  False
grid332 ,  225.0491091667 ,  -57.0107005556 , 9.1378450394 , 21.33550576574691 , True ,  False
grid333 ,  225.1408761687708 ,  19.28211227317643 , 0.2087978 , 24.585180801223594 , False ,  True
grid334 ,  226.96098484883385 ,  13.042242381714157 , 0.5614509 , 24.04566578276046 , False ,  False
grid335 ,  227.55922046872027 ,  64.38393686753216 , 0.2418818 , 25.234180015395957 , False ,  False
grid336 ,  228.11308050448685 ,  38.17305603061645 , 0.10746592 , 23.361163657974082 , False ,  False
grid337 ,  228.7414697222 ,  -62.6758452778 , 45.982635498 , 23.39907459623702 , True ,  False
grid338 ,  230.2378744023256 ,  -5.110385758920563 , 0.59168285 , 24.892632287811118 , False ,  False
grid339 ,  233.20935740052172 ,  80.80723023785143 , 0.4475608 , 23.500055593322593 , False ,  False
grid340 ,  234.0336904602609 ,  48.4769732618184 , 0.19393307 , 24.652621072601157 , False ,  False
grid341 ,  234.62603064767444 ,  -9.151933268553407 , 1.1756005 , 23.484576267074424 , False ,  False
grid342 ,  234.7592866667 ,  -33.4369219444 , 4.7870345116 , 24.241650623153525 , True ,  False
grid343 ,  234.84846637463482 ,  -17.34739360360638 , 1.9117147 , 23.201332610915976 , False ,  False
grid344 ,  235.6989272222 ,  -34.1777244444 , 4.0510869026 , 27.338550609420615 , True ,  False
grid345 ,  235.70184619581536 ,  31.4167392629913 , 0.13433602 , 24.71087984449752 , False ,  False
grid346 ,  235.7779930158828 ,  -74.36005008932499 , 2.419214 , 21.472262662719565 , False ,  False
grid347 ,  238.3105965050836 ,  28.797027429982904 , 0.23631385 , 23.57022575743087 , False ,  False
grid348 ,  238.52868 ,  -2.8960080556 , 2.1116244793 , 40.0 , True ,  False
grid349 ,  238.76155945842194 ,  75.7157639924958 , 0.6784957 , 22.761142772506552 , False ,  False
grid350 ,  239.1255107178258 ,  64.76361020428926 , 0.4208518 , 23.53179983503707 , False ,  False
grid351 ,  240.3769375 ,  -41.8733741667 , 10.1732549667 , 27.94567398435958 , True ,  False
grid352 ,  240.5890229497525 ,  59.59304198935308 , 0.11075208 , 24.56332020170577 , False ,  False
grid353 ,  243.2962361794777 ,  38.87001235818838 , 0.16153781 , 24.163008254836875 , False ,  False
grid354 ,  243.4433358333 ,  -44.0214358333 , 11.7329883575 , 24.212585014175254 , True ,  False
grid355 ,  243.55846010185647 ,  5.742546003299893 , 0.66427934 , 23.160406869720298 , False ,  False
grid356 ,  243.9853713629426 ,  27.833608084206254 , 0.16372126 , 25.18816165335067 , False ,  False
grid357 ,  244.8318906494507 ,  20.87413330479735 , 0.51992035 , 22.64970354444869 , False ,  False
grid358 ,  245.15451810881382 ,  21.808598866809657 , 0.36375427 , 23.964916986297446 , False ,  False
grid359 ,  246.2501209847166 ,  -65.2045478603426 , 3.2404084 , 20.73527745611556 , False ,  False
grid360 ,  246.33757670141975 ,  22.472394054076847 , 0.5497669 , 23.663796705077964 , False ,  False
grid361 ,  246.7691880556 ,  -24.4280213889 , 8.0146026611 , 40.0 , True ,  False
grid362 ,  247.9926446856248 ,  3.222956628066801 , 0.86311775 , 22.841668647598105 , False ,  False
grid363 ,  249.20828777425146 ,  33.94039024956748 , 0.50170016 , 24.135772508453208 , False ,  False
grid364 ,  249.31750495270433 ,  2.1191106659338312 , 0.97433025 , 22.578492683242636 , False ,  False
grid365 ,  249.48072547083027 ,  62.684286339203254 , 0.44833997 , 23.007751029800254 , False ,  False
grid366 ,  249.8344635142144 ,  47.625187830855886 , 0.5576935 , 23.042045158218222 , False ,  False
grid367 ,  251.9451947222 ,  -11.976865 , 45.2499237061 , 28.808072131942588 , True ,  False
grid368 ,  252.2100516667 ,  -15.6098619444 , 8.4445114136 , 29.812504571746665 , True ,  False
grid369 ,  252.33115665266297 ,  42.38242167941134 , 0.13283414 , 23.10366443998702 , False ,  False
grid370 ,  252.3521486111 ,  -47.8006580556 , 56.4811630249 , 23.484186452697593 , True ,  False
grid371 ,  254.0492886111 ,  -16.0070433333 , 6.8162875175 , 26.76005772955306 , True ,  False
grid372 ,  254.17098009181078 ,  15.503457917950657 , 0.9508138 , 23.28298382170089 , False ,  False
grid373 ,  254.6184291327253 ,  24.120485859886724 , 0.8431158 , 22.615368884872275 , False ,  False
grid374 ,  255.96662177719392 ,  31.93242570482591 , 0.71726984 , 24.6367674291838 , False ,  False
grid375 ,  256.0430857127596 ,  36.81339789700201 , 0.74779373 , 22.00542501814254 , False ,  False
grid376 ,  257.8567308333 ,  -40.6205891667 , 22.094865799 , 26.160978597472983 , True ,  False
grid377 ,  258.9383729734067 ,  22.574449874310293 , 0.9649604 , 23.625697416137534 , False ,  False
grid378 ,  259.0485612056404 ,  15.755199439504354 , 0.9763905 , 22.672726434539634 , False ,  False
grid379 ,  259.38617880876365 ,  4.534852397732181 , 1.4694868 , 20.575194877456504 , False ,  False
grid380 ,  259.8363391161407 ,  1.7641321620225987 , 1.7340622 , 22.72877864248641 , False ,  False
grid381 ,  260.3137033333 ,  -26.884955 , 12.0242900848 , 24.009860080550986 , True ,  False
grid382 ,  261.5561558333 ,  -42.6589552778 , 42.8880119324 , 23.302492421935874 , True ,  False
grid383 ,  261.65604658218285 ,  17.349524530199957 , 0.9853539 , 22.983638566802817 , False ,  False
grid384 ,  261.8561187464019 ,  30.998467479102683 , 0.9647487 , 23.04127864248641 , False ,  False
grid385 ,  263.5341316667 ,  -25.8462175 , 6.6951131821 , 26.275777143310385 , True ,  False
grid386 ,  263.7277748913935 ,  -63.49105764457401 , 3.294059 , 21.596638482879477 , False ,  False
grid387 ,  264.9097663889 ,  -19.9526041667 , 9.0175485611 , 23.39983872778304 , True ,  False
grid388 ,  266.9075338889 ,  -33.8531227778 , 29.7448577881 , 20.158108991454917 , True ,  False
grid389 ,  267.7043347723823 ,  69.7795860422529 , 1.0589514 , 24.059261602233725 , False ,  False
grid390 ,  267.9921865955601 ,  -84.0183677699516 , 1.3000542 , 22.457412999938803 , False ,  False
grid391 ,  268.42535050842986 ,  24.227447593570897 , 0.99185205 , 22.679896873306113 , False ,  False
grid392 ,  269.6311472222 ,  -26.1366761111 , 26.5712890625 , 22.583061975311118 , True ,  False
grid393 ,  269.65416697052586 ,  13.7727244973323 , 1.6349599 , 20.511004847358542 , False ,  False
grid394 ,  270.17124993351393 ,  63.62979571839738 , 0.6790114 , 23.651315492461997 , False ,  False
grid395 ,  271.1955358333 ,  -4.5482011111 , 3.4808576107 , 30.209076923202353 , True ,  False
grid396 ,  272.74892415368805 ,  52.34195107156727 , 0.5800724 , 23.90055350668319 , False ,  False
grid397 ,  273.6896620941781 ,  -64.07976598943013 , 1.2577014 , 21.47113375074752 , False ,  False
grid398 ,  273.8907211111 ,  -18.1827419444 , 208.9939117432 , 22.92822293646224 , True ,  False
grid399 ,  274.2739497222 ,  -8.2589597222 , 6.0497531891 , 28.052229207824546 , True ,  False
grid400 ,  274.3304773876152 ,  21.79261133211132 , 1.1644484 , 22.67180375463851 , False ,  False
grid401 ,  275.1133155463267 ,  40.94435233611821 , 1.2832488 , 23.049840253661948 , False ,  False
grid402 ,  275.44526535729096 ,  51.943924948037306 , 1.0981305 , 22.98866681463607 , False ,  False
grid403 ,  276.24826944759747 ,  43.77002579689614 , 0.42920658 , 21.638739627670127 , False ,  False
grid404 ,  277.01235 ,  -3.8087716667 , 4.6912183762 , 30.172776502441245 , True ,  False
grid405 ,  277.51935227494596 ,  -78.29522546639454 , 1.0547463 , 22.845819515060263 , False ,  False
grid406 ,  277.7471443806292 ,  41.57693450567778 , 1.2118281 , 22.05060891516097 , False ,  False
grid407 ,  277.8573166667 ,  -15.6121413889 , 73.9301528931 , 20.543535274337607 , True ,  False
grid408 ,  278.34241538052595 ,  -60.424974999989566 , 1.323146 , 19.553649348090964 , False ,  False
grid409 ,  279.7777663889 ,  -6.6444013889 , 28.880273819 , 24.24459986097701 , True ,  False
grid410 ,  281.17133224906365 ,  -73.48037474242557 , 0.95645046 , 22.569841665099936 , False ,  False
grid411 ,  282.0493110559696 ,  50.924780482411144 , 1.4606541 , 22.623361867736655 , False ,  False
grid412 ,  282.1363241667 ,  -2.3246613889 , 8.100982666 , 24.882612747024375 , True ,  False
grid413 ,  282.6456073140714 ,  -50.178953134091934 , 1.2624309 , 21.35786823637374 , False ,  False
grid414 ,  283.9139307989311 ,  -33.22453811351022 , 1.5498387 , 21.147094291519004 , False ,  False
grid415 ,  283.9566519444 ,  7.8824472222 , 4.3583106995 , 22.131082338165122 , True ,  False
grid416 ,  283.9840136931724 ,  60.7788194632318 , 1.2729923 , 24.239283126663047 , False ,  False
grid417 ,  284.62493961491725 ,  -66.71411923014153 , 0.73556 , 22.740079683135825 , False ,  False
grid418 ,  286.9078761111 ,  -3.9518311111 , 4.9739775658 , 23.56424383528121 , True ,  False
grid419 ,  287.5888227778 ,  -37.1409583333 , 4.4671487808 , 40.0 , True ,  False
grid420 ,  289.1821391667 ,  18.0353683333 , 3.2920322418 , 24.24888305075057 , True ,  False
grid421 ,  290.1038619444 ,  11.3065380556 , 2.8898320198 , 26.13333277113326 , True ,  False
grid422 ,  291.132317098335 ,  -53.6775005521021 , 1.0833127 , 22.66946606047042 , False ,  False
grid423 ,  291.6143936111 ,  23.9897833333 , 6.1075267792 , 23.184919875930625 , True ,  False
grid424 ,  292.2421756535692 ,  -54.898176580933786 , 0.94614565 , 22.754648250411826 , False ,  False
grid425 ,  293.5547564266389 ,  -28.355455899155878 , 2.1593347 , 22.568616193603354 , False ,  False
grid426 ,  294.4792788889 ,  21.6650830556 , 5.0764112473 , 24.422661584686118 , True ,  False
grid427 ,  294.5453315671253 ,  -58.188230789152655 , 0.69035035 , 22.82860569364913 , False ,  False
grid428 ,  295.3021444444 ,  10.9178238889 , 4.1167840958 , 22.6140623510588 , True ,  False
grid429 ,  296.00556795478303 ,  55.819314824580424 , 3.2335675 , 22.44378737814315 , False ,  False
grid430 ,  296.89071365418033 ,  -12.02113215055196 , 1.9339854 , 20.83820990927108 , False ,  False
grid431 ,  297.956159927993 ,  -2.2110229934627164 , 1.8325231 , 20.802791637252646 , False ,  False
grid432 ,  299.4822713597891 ,  -23.700427861344185 , 1.4692081 , 22.86138467199691 , False ,  False
grid433 ,  300.1019455556 ,  34.8642966667 , 51.5535888672 , 20.33741347200759 , True ,  False
grid434 ,  301.7611927778 ,  27.5736475 , 5.9962778091 , 23.926746171783286 , True ,  False
grid435 ,  302.22846590934324 ,  -6.9374604756792575 , 1.7705485 , 21.669070047210532 , False ,  False
grid436 ,  303.2130628158419 ,  -47.97902203457871 , 0.6700075 , 23.265042823623496 , False ,  False
grid437 ,  303.5704825 ,  31.9379808333 , 22.555355072 , 21.826402467559653 , True ,  False
grid438 ,  305.2795122222 ,  41.1530866667 , 105.7741317749 , 24.57174591429122 , True ,  False
grid439 ,  305.3073672982132 ,  -29.673410932424872 , 1.0645767 , 21.904079240630942 , False ,  False
grid440 ,  305.5111126865064 ,  -14.051415931183511 , 1.0606631 , 21.680992168258506 , False ,  False
grid441 ,  307.3757212509219 ,  16.943506987227536 , 1.6246189 , 20.99689058668502 , False ,  False
grid442 ,  307.3897158199314 ,  -8.073212493680606 , 1.1409899 , 21.799521964858847 , False ,  False
grid443 ,  307.6059258143289 ,  -15.804061026626897 , 0.9474016 , 23.471484702895957 , False ,  False
grid444 ,  307.84068103997873 ,  3.405622213023839 , 1.4857734 , 22.108266872237998 , False ,  False
grid445 ,  308.00133105656874 ,  -14.900228511406453 , 0.69863766 , 22.845277112792807 , False ,  False
grid446 ,  308.0161597833871 ,  -24.5573501228355 , 0.9418881 , 23.042091649841147 , False ,  False
grid447 ,  309.1354990385055 ,  -34.443337923967555 , 1.001329 , 23.49058560736068 , False ,  False
grid448 ,  311.2230783333 ,  58.998095 , 4.6776275635 , 22.72162727720626 , True ,  False
grid449 ,  311.3677736545263 ,  -7.791489487649888 , 0.77725965 , 22.910805267165976 , False ,  False
grid450 ,  312.0666029515266 ,  0.5511570878207247 , 1.1651709 , 22.631511014770346 , False ,  False
grid451 ,  312.07179753015515 ,  -46.732149350076334 , 0.35113075 , 23.09972934133895 , False ,  False
grid452 ,  312.5753802069156 ,  13.750034630539934 , 1.1223122 , 21.795478385757285 , False ,  False
grid453 ,  313.1994552778 ,  41.5213391667 , 48.1420593262 , 25.148282569717246 , True ,  False
grid454 ,  313.7603302086937 ,  15.341040856942406 , 1.2359308 , 22.384582084487754 , False ,  False
grid455 ,  314.2868533333 ,  77.671995 , 3.1363532543 , 27.57662348158248 , True ,  False
grid456 ,  314.33613062799515 ,  14.662282503817714 , 1.0430967 , 22.77323893911727 , False ,  False
grid457 ,  315.1808605556 ,  49.5857038889 , 14.798377037 , 26.6969685972441 , True ,  False
grid458 ,  315.4676991667 ,  52.3707719444 , 5.9531641006 , 27.447609227966147 , True ,  False
grid459 ,  315.4884527778 ,  67.7671219444 , 5.1006989479 , 27.287527841399985 , True ,  False
grid460 ,  315.60173792481635 ,  -17.198844840686203 , 0.5467112 , 23.81339244253524 , False ,  False
grid461 ,  315.7374261181566 ,  -12.557944088384556 , 0.5774027 , 22.852869552444297 , False ,  False
grid462 ,  316.0245409311311 ,  -37.36351685475815 , 0.71208364 , 23.630149883102256 , False ,  False
grid463 ,  316.5212456205245 ,  -72.58618252651681 , 0.83273673 , 23.950582069228965 , False ,  False
grid464 ,  320.7505787856537 ,  27.1871522691921 , 2.7270417 , 21.564471048187094 , False ,  False
grid465 ,  321.13551400265715 ,  25.07686631589035 , 2.3426602 , 22.44797996885665 , False ,  False
grid466 ,  321.3084845289708 ,  -15.012219096316823 , 0.23734283 , 23.312535804580527 , False ,  False
grid467 ,  322.165073363241 ,  -47.4336588474625 , 0.56150055 , 22.53001622564681 , False ,  False
grid468 ,  323.1250555018784 ,  -0.9676802215750231 , 0.58033997 , 22.560298961471396 , False ,  False
grid469 ,  324.04294137020264 ,  1.8853421789235645 , 0.7784459 , 22.899059575866538 , False ,  False
grid470 ,  324.43498167947484 ,  32.81570045332574 , 4.9970884 , 22.615087550948935 , False ,  False
grid471 ,  324.59037913496945 ,  -37.23157172944741 , 0.41400012 , 23.378005546401816 , False ,  False
grid472 ,  324.80339603981264 ,  -33.317661281797385 , 0.5000752 , 24.30087975866683 , False ,  False
grid473 ,  325.17472656672777 ,  -57.43847727055358 , 0.63541687 , 24.589134973357993 , False ,  False
grid474 ,  326.1831469444 ,  47.6039302778 , 19.1391963959 , 24.70297984487899 , True ,  False
grid475 ,  326.5447489508697 ,  19.26118555530944 , 1.3716166 , 22.892483991454917 , False ,  False
grid476 ,  328.2053587556877 ,  -71.94174247441944 , 0.6960953 , 23.562946838210898 , False ,  False
grid477 ,  328.23512065739385 ,  -41.76606895725781 , 0.35058337 , 24.852408689330893 , False ,  False
grid478 ,  328.3503127778 ,  47.3458569444 , 26.1272220612 , 22.848164361785727 , True ,  False
grid479 ,  329.1062691068604 ,  23.907578134564126 , 2.056857 , 22.723476213287192 , False ,  False
grid480 ,  329.84794633336804 ,  -35.13931517279839 , 0.3011445 , 24.580337327789145 , False ,  False
grid481 ,  329.85785106921946 ,  -34.16194722354796 , 0.41397762 , 24.176759046386557 , False ,  False
grid482 ,  332.0197798674245 ,  -70.74106573011494 , 0.42555544 , 22.862892669509726 , False ,  False
grid483 ,  333.511642603742 ,  -23.25079844931229 , 0.47744954 , 24.362760108779746 , False ,  False
grid484 ,  333.7153758220728 ,  10.585596023737063 , 1.1446344 , 23.797842782806235 , False ,  False
grid485 ,  335.1913608333 ,  63.6448955556 , 66.6237640381 , 25.57590178854354 , True ,  False
grid486 ,  335.5633242132274 ,  -55.60669968890043 , 0.3845077 , 24.163936895202475 , False ,  False
grid487 ,  335.9748129779282 ,  5.616315432656668 , 0.67272854 , 24.908072274993735 , False ,  False
grid488 ,  336.13653400457343 ,  -7.516608608680621 , 0.4513817 , 23.070178550552207 , False ,  False
grid489 ,  337.3844475 ,  75.2403255556 , 3.5567548275 , 28.309566301177817 , True ,  False
grid490 ,  337.6114846211783 ,  -26.021499384452497 , 0.43122423 , 24.18925217993148 , False ,  False
grid491 ,  338.3148904353228 ,  3.1530166523385286 , 0.43052304 , 24.217674058746177 , False ,  False
grid492 ,  338.38480628912885 ,  34.376133016665 , 3.2125273 , 20.209894102882224 , False ,  False
grid493 ,  339.2808009317019 ,  -43.04139935050542 , 0.34704885 , 24.088895839523154 , False ,  False
grid494 ,  340.6126870767495 ,  4.199765136383342 , 0.4250246 , 24.608203691314536 , False ,  False
grid495 ,  341.1027091882667 ,  10.222567137989031 , 0.838563 , 24.368001741241294 , False ,  False
grid496 ,  343.1597086865272 ,  17.96626594353897 , 0.95937395 , 23.063630384277182 , False ,  False
grid497 ,  343.3564028720889 ,  29.968237624864898 , 1.4998032 , 22.03376345045455 , False ,  False
grid498 ,  343.40091597439033 ,  24.11076556506636 , 0.9783559 , 24.293008369277793 , False ,  False
grid499 ,  343.6990021182744 ,  -7.351332132290394 , 0.2123663 , 23.687973541091758 , False ,  False
grid500 ,  343.9611875874772 ,  -31.570094791149828 , 0.30051705 , 23.428437036346274 , False ,  False
grid501 ,  344.1084197222 ,  61.9482863889 , 22.304151535 , 25.191773694824057 , True ,  False
grid502 ,  344.65463505299306 ,  -4.968604650637346 , 0.40789694 , 23.295653384994345 , False ,  False
grid503 ,  345.7030906372934 ,  -20.971905035899447 , 0.15015312 , 26.483187002014 , False ,  False
grid504 ,  346.3786119027303 ,  -37.84047648884143 , 0.31710005 , 24.60532359487899 , False ,  False
grid505 ,  347.57051992602317 ,  27.12267940290099 , 1.0233153 , 22.435771745513755 , False ,  False
grid506 ,  347.62351109116094 ,  7.600840155747386 , 0.60633683 , 25.60822896368392 , False ,  False
grid507 ,  349.8519294316052 ,  -18.282755764428583 , 0.17496759 , 23.511243385146933 , False ,  False
grid508 ,  350.3274282921462 ,  20.79915471853986 , 0.74486685 , 23.543994945358115 , False ,  False
grid509 ,  350.33657738150737 ,  -60.2885296727975 , 0.3019473 , 24.2179601610411 , False ,  False
grid510 ,  350.821280869763 ,  -55.19019700961831 , 0.2869364 , 25.50770692236312 , False ,  False
grid511 ,  351.5823156283616 ,  39.61584288292323 , 2.2193744 , 22.671558183502036 , False ,  False
grid512 ,  352.61283751041015 ,  -1.333601858059274 , 0.18839033 , 25.16904167539962 , False ,  False
grid513 ,  352.7224560031071 ,  23.622622845016032 , 0.61405706 , 23.565394204925376 , False ,  False
grid514 ,  354.33859383512356 ,  8.53894823833037 , 0.38348547 , 25.022059005569297 , False ,  False
grid515 ,  355.80669836848494 ,  45.96873579922155 , 2.6244757 , 22.257284444640952 , False ,  False
grid516 ,  358.0068358477959 ,  35.87245548928947 , 1.6543891 , 23.06340269453414 , False ,  False
grid517 ,  358.0842610679247 ,  -2.913546984433142 , 0.20781066 , 27.575464767288047 , False ,  False
grid518 ,  358.19926482268346 ,  -41.46435213207012 , 0.28274843 , 25.63930682546981 , False ,  False
grid519 ,  358.444707923393 ,  31.584675199117044 , 1.1602166 , 24.27749328024276 , False ,  False
grid520 ,  358.84582877867604 ,  25.517473383418228 , 0.6644022 , 23.258507770370322 , False ,  False
grid521 ,  358.9246733905789 ,  18.47014899316232 , 0.5965955 , 24.28027920133956 , False ,  False
grid522 ,  359.1757947222 ,  59.7586238889 , 13.6354093552 , 24.659537595580893 , True ,  False
grid523 ,  359.3787398833125 ,  15.057179429730835 , 0.5422666 , 24.40205268270858 , False ,  False
WHAM_south_01 ,  17.5669 ,  -17.8983 , 0.2979511320590973 , 40.0 , False, True
WHAM_south_02 ,  21.0186 ,  -22.927 , 0.27901339530944824 , 40.0 , False, True
WHAM_south_04 ,  351.73 ,  -15.1587 , 0.6515530943870544 , 28.322232125935464 , False, True
WHAM_south_05 ,  2.19057 ,  -10.9956 , 0.34075477719306946 , 24.831467031178384 , False, True
WHAM_south_06 ,  321.613 ,  -44.5432 , 0.449628084897995 , 23.765150664982706 , False, True
WHAM_south_07 ,  302.008 ,  -47.1723 , 0.88737952709198 , 23.005966304478555 , False, True
WHAM_south_08 ,  70.8595 ,  -56.128 , 0.6308765411376953 , 25.62681710594645 , False, True
